Country,Population,Area,Density
Monaco,39242,1.26,31144.444444444445
Guyana,786552,196,4013.0204081632655
Suriname,586632,156,3760.4615384615386
Iceland,341243,100,3412.43
Holy See,801,0.44,1820.4545454545455
Maldives,540544,300.1,1801.2129290236587
Malta,441543,320.1,1379.3908153701966
Micronesia,548914,700,784.1628571428571
Barbados,287375,430,668.3139534883721
San Marino,33931,60,565.5166666666667
Nauru,10824,20,541.2
Comoros,869601,1861,467.2761955937668
Tuvalu,11792,30,393.06666666666666
Grenada,112523,340,330.95
Marshall Islands,59190,180,328.8333333333333
Saint Lucia,183627,610,301.027868852459
Saint Vincent and the Grenadines,110940,390,284.46153846153845
Luxembourg,625978,2590,241.69034749034748
Liechtenstein,38128,160,238.3
Sao Tome and Principe,219159,960,228.290625
Antigua and Barbuda,97929,440,222.5659090909091
Seychelles,98347,460,213.79782608695652
Saint Kitts and Nevis,53199,260,204.61153846153846
Andorra,77265,470,164.39361702127658
Indonesia,273523,615,1811,570,151.03423522915517
Kiribati,119449,810,147.4679012345679
Tonga,105695,720,146.79861111111111
Cabo Verde,555987,4033,137.85940986858418
Ethiopia,114963,588,1000,000,114.963
Dominica,71986,750,95.98133333333334
Brunei,437479,5270,83.01309297912714
Samoa,198414,2830,70.11095406360424
Mexico,128932,753,1943,950,66.35717961914565
Iran,83992,949,1628,550,51.59213759213759
Fiji,896445,18270,49.066502463054185
South Africa,59308,690,1213,090,48.893652102225886
Montenegro,628066,13450,46.69635687732342
Colombia,50882,891,1109,500,45.8809738503156
Djibouti,988000,23180,42.622950819672134
Democratic Republic of the Congo,89561,403,2267,050,39.50639611821791
Palau,18094,460,39.334782608695654
Bahamas,393244,10010,39.285114885114886
United States of America,331002,651,9147,420,36.18694653984913
Angola,32866,272,1246,700,26.37720706260032
Peru,32971,854,1280,000,25.75859375
Brazil,212559,417,8358,140,25.431801866475233
Vanuatu,307145,12190,25.196472518457753
Sudan,43849,260,1765,048,24.843626062322947
Solomon Islands,686884,27990,24.54033583422651
Bhutan,771608,38117,20.24314610278878
Niger,24206,644,1266,700,19.12006319115324
Algeria,43851,044,2381,740,18.41705165896682
Belize,397628,22810,17.43217886891714
Mali,20250,833,1220,190,16.598360655737704
Argentina,45195,774,2736,690,16.51864035087719
Saudi Arabia,34813,871,2149,690,16.19962773382969
Chad,16425,864,1259,200,13.046068308181097
Bolivia,11673,021,1083,300,10.778393351800554
Russia,145934,462,16376,8.911455788959453
Gabon,2225,734,257,8.657587548638132
Singapore,5850,342,700.8,8.347602739726028
Kazakhstan,18776,707,2699,6.956650611337532
Mauritania,4649,658,1030,4.5135922330097085
Canada,37742,154,9093,510,4.150665346970197
Libya,6871,292,1759,3.9061967026719726
Australia,25499,884,7682,300,3.319317885967196
Namibia,2540,905,823,3.086269744835966
Bahrain,1701,575,760,2.238157894736842
Mongolia,3278,290,1553,2.110753380553767
Bangladesh,164689,383,130170,1.265183990166705
Palestine State,5101,414,6020,0.84734219269103
Lebanon,6825,445,10230,0.6671554252199413
Mauritius,1271,768,2030,0.6261083743842365
South Korea,51269,185,97230,0.5272961020261236
Rwanda,12952,218,24670,0.5250101337657074
Netherlands,17134,872,33720,0.5081257413997627
India,1380,004,385,2973,190,0.46417759838546924
Burundi,11890,784,25680,0.463006230529595
Haiti,11402,528,27560,0.4137155297532656
Israel,8655,535,21640,0.39995378927911274
Belgium,11589,623,30280,0.38272787318361956
Philippines,109581,078,298170,0.3675118221149009
Japan,126476,461,364555,0.34693256161621705
Sri Lanka,21413,249,62710,0.34146069207462926
Vietnam,97338,579,310070,0.31392266262456864
El Salvador,6486,205,20720,0.313030888030888
Pakistan,220892,340,770880,0.2865452469904525
United Kingdom,67886,011,241930,0.2806018269747448
Jamaica,2961,167,10830,0.27340720221606646
Trinidad and Tobago,1399,488,5130,0.27270955165692007
Qatar,2881,053,11610,0.24814814814814815
Germany,83783,942,348560,0.2403689465228368
Kuwait,4270,571,17820,0.23961840628507294
Gambia,2416,668,10120,0.23873517786561266
Uganda,45741,007,199810,0.2289224763525349
Nigeria,206139,589,910770,0.22633485951447677
Dominican Republic,10847,910,48320,0.22448261589403973
Switzerland,8654,622,39516,0.21899989877517967
North Korea,25778,816,120410,0.2140852088696952
Italy,60461,826,294140,0.20555177806486707
Nepal,29136,808,143350,0.203250784792466
Malawi,19129,952,94280,0.20289563003818414
Guatemala,17915,568,107160,0.1671799178798059
China,1439,323,776,9388,211,0.15328078397954836
Togo,8278,724,54390,0.15219709505423792
Czechia (Czech Republic),10708,981,77240,0.13863283272915589
Thailand,69799,978,510890,0.13662236489263835
Ghana,31072,940,227540,0.13655620989716094
Denmark,5792,202,42430,0.1365071883101579
Cyprus,1207,359,9240,0.13062770562770562
Poland,37846,611,306230,0.1235868464879339
Moldova,4033,963,32850,0.12277016742770168
Azerbaijan,10139,177,82658,0.12266205327977933
France,65273,511,547557,0.1192076806615567
United Arab Emirates,9890,402,83600,0.11830143540669856
Jordan,10203,134,88780,0.11492453255237667
Slovakia,5459,642,48088,0.1135210447512893
Portugal,10196,709,91590,0.11132219674636969
Sierra Leone,7976,983,72180,0.11050152396785813
Turkey,84339,067,769630,0.10958382599430895
Austria,9006,398,82409,0.10928418012595711
Benin,12123,200,112760,0.10751152891096133
Hungary,9660,351,90530,0.10670495968187341
Cuba,11326,616,106440,0.10640736565201052
Albania,2877,797,27400,0.105
Armenia,2963,243,28470,0.10407446434843695
Slovenia,2078,938,20140,0.1031777557100298
Egypt,102334,404,995450,0.102801747953187
Serbia,8737,371,87460,0.09989709581522982
Costa Rica,5094,118,51060,0.09976498237367802
Malaysia,32365,999,328550,0.09850859838685132
Syria,17500,658,183630,0.09530033218972934
Cambodia,16718,965,176520,0.09470881486517109
Kenya,53771,296,569140,0.09447763291984397
Spain,46754,778,498800,0.09373295910184443
Iraq,40222,493,434320,0.09260913612083256
Timor-Leste,1318,445,14870,0.0886348352387357
Honduras,9904,607,111890,0.08851550630083117
Senegal,16743,927,192530,0.08696307069028203
Romania,19237,691,230170,0.08357735586740235
Myanmar (formerly Burma),54409,800,653290,0.08328460561159669
Morocco,36910,560,446300,0.08270221823885279
North Macedonia,2083,374,25220,0.08259318001586043
CÃ´te d'Ivoire,26378,274,322463,0.08180163305557536
Greece,10423,054,128900,0.0808611326609775
Uzbekistan,33469,203,425400,0.07867653972731546
Burkina Faso,20903,273,273600,0.07639985380116959
Tunisia,11818,619,155360,0.07606848609680741
Ukraine,43733,762,579320,0.07549022992473935
Croatia,4105,267,55960,0.07335596854896355
Ireland,4937,786,68890,0.07166497314559443
Ecuador,17643,054,248360,0.07103800934127878
Lesotho,2142,249,30360,0.07055335968379446
Guinea-Bissau,1968,001,28120,0.06998577524893314
Tajikistan,9537,645,139960,0.06814089739925693
Eswatini (fmr. "Swaziland"),1160,164,17200,0.06744186046511629
Tanzania,59734,218,885800,0.06743508692707158
Bosnia and Herzegovina,3280,819,51000,0.06431372549019608
Bulgaria,6948,445,108560,0.06400147383935151
Afghanistan,38928,346,652860,0.05962687253009834
Panama,4314,767,74340,0.05803066989507667
Georgia,3989,167,69490,0.057403943013383224
Yemen,29825,964,527970,0.05648995208061064
Cameroon,26545,863,472710,0.05615493643036957
Nicaragua,6624,554,120340,0.055044041881336214
Guinea,13132,795,245720,0.05344294318736774
Liberia,5057,681,96320,0.052502076411960134
Equatorial Guinea,1402,985,28050,0.04998217468805704
Madagascar,27691,018,581795,0.04759580264526165
Belarus,9449,323,202910,0.04656744369424868
Lithuania,2722,289,62674,0.04343108785142164
Mozambique,31255,435,786380,0.039745415702332205
Zimbabwe,14862,924,386850,0.038417991469561846
Eritrea,3546,421,101000,0.03510891089108911
Kyrgyzstan,6524,195,191800,0.034014598540145984
Venezuela,28435,940,882050,0.03223740150785103
Laos,7275,560,230800,0.03152079722703639
Estonia,1326,535,42390,0.03128096249115357
Latvia,1886,198,62200,0.03032154340836013
Chile,19116,201,743532,0.025709720630719322
Somalia,15893,222,627340,0.025333949692351834
Zambia,18383,955,743390,0.02472860813301228
Sweden,10099,265,410340,0.024611297948043086
Uruguay,3473,730,175020,0.019843446463261343
Papua New Guinea,8947,024,452860,0.019756657686702293
South Sudan,11193,725,610952,0.018320588196781416
New Zealand,4822,233,263310,0.01831301507728533
Finland,5540,720,303890,0.018230280693672052
Paraguay,7132,538,397300,0.01795117040020136
Oman,5106,626,309500,0.016497576736672053
Congo (Congo-Brazzaville),5518,087,341500,0.016158125915080528
Norway,5421,241,365268,0.014841157725286639
Turkmenistan,6031,200,469930,0.012833826314557487
Central African Republic,4829,767,622980,0.007751452695110597
Botswana,2351,627,566730,0.004148359889188855